{"cameraMode":{"drawMode":0,"name":"Shaded","section":"Shading Mode"},"sceneLighting":false,"audioPlay":false,"sceneViewState":{"showFog":true,"showMaterialUpdate":false,"showSkybox":false,"showFlares":true,"showImageEffects":true,"showParticleSystems":true},"in2DMode":false,"pivot":{"x":-0.009947001934051514,"y":0.1916244924068451,"z":0.1145256906747818},"rotation":{"x":-0.24560138583183289,"y":0.23335395753383637,"z":-0.06147874519228935,"w":-0.9391247630119324},"size":0.842924177646637,"orthographic":false}